X;Y;NOMBRE;DOMICILIO;IMAGEN;AUTOMAT;OBSERV;NRO_EST;HORARIO;DIRE_NORM
-58.392452073017;-34.5831330757635;FACULTAD DE DERECHO;AV. PRES.FIGUEROA ALCORTA Y  JUAN A.BIBILONI;ESTACION_AUTOMATICA.PNG;AUTOMATICA;ABRIL 2015 (PASO DE SER MANUAL A AUTOMATICA);1;ESTACION AUTOMATICA: DISPONIBILIDAD LAS 24 HORAS;FIGUEROA ALCORTA, PRES. AV. Y BIBILONI, JUAN A.
-58.3748217877563;-34.5925888097729;RETIRO;AV. DR.JOSE RAMOS MEJIA Y DEL LIBERTADOR AV;ESTACION_AUTOMATICA.PNG;AUTOMATICA;ABRIL 2015 (PASO DE SER MANUAL A AUTOMATICA);2;ESTACION AUTOMATICA: DISPONIBILIDAD LAS 24 HORAS;DEL LIBERTADOR AV. Y RAMOS MEJIA, JOSE MARIA, DR. AV.
-58.3689178425541;-34.6112420249771;ADUANA;AV. ING.HUERGO Y AV. BELGRANO;ESTACION_AUTOMATICA.PNG;AUTOMATICA;ABRIL 2015 (PASO DE SER MANUAL A AUTOMATICA);3;ESTACION AUTOMATICA: DISPONIBILIDAD LAS 24 HORAS;HUERGO, ING. AV. Y BELGRANO AV.
-58.3689503833679;-34.6017210875929;PLAZA ROMA;LAVALLE Y BOUCHARD;ESTACION_AUTOMATICA.PNG;AUTOMATICA;ABRIL 2015 (PASO DE SER MANUAL A AUTOMATICA);4;ESTACION AUTOMATICA: DISPONIBILIDAD LAS 24 HORAS;LAVALLE Y BOUCHARD
-58.3693603511372;-34.6279470454629;PARQUE LEZAMA;AV MARTIN GARCIA E IRALA;ESTACION_AUTOMATICA.PNG;AUTOMATICA;ABRIL 2015 (PASO DE SER MANUAL A AUTOMATICA);6;ESTACION AUTOMATICA: DISPONIBILIDAD LAS 24 HORAS;GARCIA, MARTIN AV. E IRALA
-58.420997041078;-34.5801273443074;PLAZA ITALIA;AV. SANTA FE Y AV. SARMIENTO;ESTACION_AUTOMATICA.PNG;AUTOMATICA;ABRIL 2015 (PASO DE SER MANUAL A AUTOMATICA);5;ESTACION AUTOMATICA: DISPONIBILIDAD LAS 24 HORAS;SARMIENTO AV. Y CALZADA CIRCULAR PLAZA ITALIA
-58.3809896041082;-34.6058404963166;OBELISCO;AV. 9 DE JULIO Y TTE. GRAL JUAN DOMINGO PERON;ESTACION_AUTOMATICA.PNG;AUTOMATICA;ABRIL 2015 (PASO DE SER MANUAL A AUTOMATICA);7;ESTACION AUTOMATICA: DISPONIBILIDAD LAS 24 HORAS;PELLEGRINI, CARLOS Y PERON, JUAN DOMINGO, TTE. GENERAL
-58.3892532601533;-34.6099304592001;CONGRESO;AV. HIPOLITO YRIGOYEN Y VIRREY CEBALLOS;ESTACION_AUTOMATICA.PNG;AUTOMATICA;ABRIL 2015 (PASO DE SER MANUAL A AUTOMATICA);8;ESTACION AUTOMATICA: DISPONIBILIDAD LAS 24 HORAS;YRIGOYEN, HIPOLITO AV. Y CEVALLOS, VIRREY
-58.4071446712567;-34.5839145725724;PARQUE LAS HERAS;PARQUE LAS HERAS;ESTACION_AUTOMATICA.PNG;AUTOMATICA;ABRIL 2015 (PASO DE SER MANUAL A AUTOMATICA);9;ESTACION AUTOMATICA: DISPONIBILIDAD LAS 24 HORAS;DIAZ, CNEL. AV. Y FRENCH
-58.3657458611297;-34.6155514279975;PUERTO MADERO - UCA;MOREAU DE JUSTO 1500;ESTACION_AUTOMATICA.PNG;AUTOMATICA;ABRIL 2015 (PASO DE SER MANUAL A AUTOMATICA);10;ESTACION AUTOMATICA: DISPONIBILIDAD LAS 24 HORAS;1500 MOREAU DE JUSTO, ALICIA AV.
-58.3850216107216;-34.6013128134582;TRIBUNALES;TRIBUNALES;ESTACION_AUTOMATICA.PNG;AUTOMATICA;ABRIL 2015 (PASO DE SER MANUAL A AUTOMATICA);11;ESTACION AUTOMATICA: DISPONIBILIDAD LAS 24 HORAS;651 TALCAHUANO
-58.3889488675196;-34.5931772798824;PLAZA VICENTE LOPEZ;PLAZA VICENTE LOPEZ;ESTACION_AUTOMATICA.PNG;AUTOMATICA;ABRIL 2015 (PASO DE SER MANUAL A AUTOMATICA);12;ESTACION AUTOMATICA: DISPONIBILIDAD LAS 24 HORAS;PARANA Y JUNCAL
-58.4065992807793;-34.6096220036013;ONCE;PLAZA MISERERE;ESTACION_AUTOMATICA.PNG;AUTOMATICA;ABRIL 2015 (PASO DE SER MANUAL A AUTOMATICA);13;ESTACION AUTOMATICA: DISPONIBILIDAD LAS 24 HORAS;RIVADAVIA AV. Y PUEYRREDON AV.
-58.4263198647396;-34.5777874974914;PACIFICO;PACIFICO;ESTACION_AUTOMATICA.PNG;AUTOMATICA;ABRIL 2015 (PASO DE SER MANUAL A AUTOMATICA);14;ESTACION AUTOMATICA: DISPONIBILIDAD LAS 24 HORAS;580 BULLRICH, INT. AV.
-58.3985214522976;-34.5991898492147;PLAZA HOUSSAY;PLAZA HOUSSAY;ESTACION_AUTOMATICA.PNG;AUTOMATICA;NUEVA ESTACION! - SE PASO DE MANUAL A AUTOMATICA EN JUNIO 2015;43;ESTACION AUTOMATICA: DISPONIBILIDAD LAS 24 HORAS;CORDOBA AV. Y URIBURU JOSE E., PRES.
-58.374717240582;-34.6099593400598;LEGISLATURA (EX PLAZA DE MAYO);PERU Y DIAGONAL SUR;ESTACION_AUTOMATICA.PNG;AUTOMATICA;ABRIL 2015 (PASO DE SER MANUAL A AUTOMATICA);16;ESTACION AUTOMATICA: DISPONIBILIDAD LAS 24 HORAS;PERU Y ROCA, JULIO A., PRESIDENTE AV.
-58.4188322144416;-34.6063985250933;PLAZA ALMAGRO;PLAZA ALMAGRO;ESTACION_AUTOMATICA.PNG;AUTOMATICA;ABRIL 2015 (PASO DE SER MANUAL A AUTOMATICA);17;ESTACION AUTOMATICA: DISPONIBILIDAD LAS 24 HORAS;BULNES Y PERON, JUAN DOMINGO, TTE. GENERAL
-58.3804806550249;-34.6173731525033;INDEPENDENCIA;AV. INDEPENDENCIA Y 9 DE JULIO;ESTACION_AUTOMATICA.PNG;AUTOMATICA;ABRIL 2015 (PASO DE SER MANUAL A AUTOMATICA);18;ESTACION AUTOMATICA: DISPONIBILIDAD LAS 24 HORAS;INDEPENDENCIA AV. Y 9 DE JULIO AV.
-58.3775489312645;-34.5954047949981;PLAZA SAN MARTIN;PLAZA SAN MARTIN;ESTACION_AUTOMATICA.PNG;AUTOMATICA;ABRIL 2015 (PASO DE SER MANUAL A AUTOMATICA);19;ESTACION AUTOMATICA: DISPONIBILIDAD LAS 24 HORAS;750 SANTA FE AV.
-58.4417885099317;-34.5800361241865;DISTRITO AUDIOVISUAL;ZAPIOLA Y DORREGO;ESTACION_AUTOMATICA.PNG;AUTOMATICA;ABRIL 2015 (PASO DE SER MANUAL A AUTOMATICA);20;ESTACION AUTOMATICA: DISPONIBILIDAD LAS 24 HORAS;1 ZAPIOLA
-58.3825704592366;-34.594099836289;ARENALES;ARENALES Y CERRITO;ESTACION_AUTOMATICA.PNG;AUTOMATICA;ABRIL 2015 (PASO DE SER MANUAL A AUTOMATICA);22;ESTACION AUTOMATICA: DISPONIBILIDAD LAS 24 HORAS;ARENALES Y CERRITO
-58.3795661232215;-34.6002957825126;SUIPACHA;SUIPACHA Y VIAMONTE;ESTACION_AUTOMATICA.PNG;AUTOMATICA;ABRIL 2015 (PASO DE SER MANUAL A AUTOMATICA);23;ESTACION AUTOMATICA: DISPONIBILIDAD LAS 24 HORAS;691 SUIPACHA
-58.3807669356213;-34.6105722194484;ALSINA;ADOLFO ALSINA Y BERNARDO DE IRIGOYEN;ESTACION_AUTOMATICA.PNG;AUTOMATICA;ABRIL 2015 (PASO DE SER MANUAL A AUTOMATICA);24;ESTACION AUTOMATICA: DISPONIBILIDAD LAS 24 HORAS;ALSINA, ADOLFO E IRIGOYEN, BERNARDO DE
-58.4160650218385;-34.5895207284602;PLAZA GUEMES;SALGUERO JERONIMO Y MANSILLA;ESTACION_AUTOMATICA.PNG;AUTOMATICA;ABRIL 2015 (PASO DE SER MANUAL A AUTOMATICA);25;ESTACION AUTOMATICA: DISPONIBILIDAD LAS 24 HORAS;SALGUERO, JERONIMO Y MANSILLA, LUCIO NORBERTO, GENERAL
-58.3636035935707;-34.6010006869203;JUANA MANSO;EMMA DE LA BARRA Y JUANA MANSO;ESTACION_AUTOMATICA.PNG;AUTOMATICA;ABRIL 2015 (PASO DE SER MANUAL A AUTOMATICA) - SE MODIFICO EL NOMBRE (EX EMMA DE LA BARRA);26;ESTACION AUTOMATICA: DISPONIBILIDAD LAS 24 HORAS;DE LA BARRA,  EMMA Y MANSO JUANA
-58.3898959983962;-34.5995678801944;MONTEVIDEO;AV. CORDOBA Y MONTEVIDEO;ESTACION_AUTOMATICA.PNG;AUTOMATICA;ABRIL 2015 (PASO DE SER MANUAL A AUTOMATICA);27;ESTACION AUTOMATICA: DISPONIBILIDAD LAS 24 HORAS;CORDOBA AV. Y MONTEVIDEO
-58.4123981979493;-34.6228502511336;PLAZA BOEDO;CARLOS CALVO ENTRE VIRREY LINIERS Y SANCHEZ DE LORIA;ESTACION_AUTOMATICA.PNG;AUTOMATICA;ABRIL 2015 (PASO DE SER MANUAL A AUTOMATICA);28;ESTACION AUTOMATICA: DISPONIBILIDAD LAS 24 HORAS;CALVO, CARLOS Y LINIERS VIRREY
-58.3976580800077;-34.5883234351244;PLAZA EMILIO MITRE;PACHECO DE MELO Y LARREA;515-PLAZA_EMILIO_MITRE.JPG;MANUAL;CONTINUA MANUAL!! - SI BIEN PERMANECE EL SITIO DEJO DE FUNCIONAR EN FEBRERO DE 2017 CUANDO SE INAUGURO LA AUTOMATICA AL LADO.;515;ESTACION MANUAL: LUNES A VIERNES DE 8 A 20 H Y SABADOS DE 9 A 15 H;PACHECO DE MELO, JOSE ANDRES Y LARREA
-58.4345767879498;-34.6084590356008;PARQUE CENTENARIO;PATRICIAS ARGENTINAS Y CARLOS FINLAY;ESTACION_AUTOMATICA.PNG;AUTOMATICA;ABRIL 2015 (PASO DE SER MANUAL A AUTOMATICA);29;ESTACION AUTOMATICA: DISPONIBILIDAD LAS 24 HORAS;PATRICIAS ARGENTINAS AV. Y FINLAY, CARLOS J. AV.
-58.4066133884138;-34.6400292426058;PARQUE PATRICIOS;IGUAZU Y USPALLATA;ESTACION_AUTOMATICA.PNG;AUTOMATICA;NUEVA ESTACION! - MAYO 2015;21;ESTACION AUTOMATICA: DISPONIBILIDAD LAS 24 HORAS;IGUAZU Y USPALLATA
-58.3973783649902;-34.5903936115174;PEÑA;AZCUENAGA Y PEÑA;ESTACION_AUTOMATICA.PNG;AUTOMATICA;NUEVA ESTACION! - ABRIL DE 2015 (SE INCORPORA CON EL SISTEMA AUTOMATICO);30;ESTACION AUTOMATICA: DISPONIBILIDAD LAS 24 HORAS;AZCUENAGA Y PEÑA
-58.3735314291533;-34.6077277956862;CATEDRAL;SAN MARTIN Y RIVADAVIA;ESTACION_AUTOMATICA.PNG;AUTOMATICA;NUEVA ESTACION! - ABRIL DE 2015 (SE INCORPORA CON EL SISTEMA AUTOMATICO);32;ESTACION AUTOMATICA: DISPONIBILIDAD LAS 24 HORAS;SAN MARTIN Y RIVADAVIA AV.
-58.3718578675869;-34.596327388791;INGENIERO BUTTY;ING. BUTTY Y LEANDRO N. ALEM;ESTACION_AUTOMATICA.PNG;AUTOMATICA;NUEVA ESTACION! - ABRIL DE 2015 (SE INCORPORA CON EL SISTEMA AUTOMATICO);35;ESTACION AUTOMATICA: DISPONIBILIDAD LAS 24 HORAS;BUTTY, E., ING. Y ALEM, LEANDRO N. AV.
-58.3765960288027;-34.6053688674684;MAIPU;MAIPU Y SARMIENTO;ESTACION_AUTOMATICA.PNG;AUTOMATICA;NUEVA ESTACION! - ABRIL DE 2015 (SE INCORPORA CON EL SISTEMA AUTOMATICO);36;ESTACION AUTOMATICA: DISPONIBILIDAD LAS 24 HORAS;MAIPU Y SARMIENTO
-58.3778640062235;-34.6079143637099;PIEDRAS;ESMERALDA Y RIVADAVIA;ESTACION_AUTOMATICA.PNG;AUTOMATICA;NUEVA ESTACION! - ABRIL DE 2015 (SE INCORPORA CON EL SISTEMA AUTOMATICO);37;ESTACION AUTOMATICA: DISPONIBILIDAD LAS 24 HORAS;ESMERALDA Y RIVADAVIA AV.
-58.3828953844952;-34.5969901800416;PLAZA LIBERTAD;CERRITO Y MARCELO T. DE ALVEAR;ESTACION_AUTOMATICA.PNG;AUTOMATICA;NUEVA ESTACION! - ABRIL DE 2015 (SE INCORPORA CON EL SISTEMA AUTOMATICO);38;ESTACION AUTOMATICA: DISPONIBILIDAD LAS 24 HORAS;CERRITO Y ALVEAR, MARCELO T. DE
-58.4075919835788;-34.636519409884;URQUIZA;GRAL URQUIZA Y RONDEAU;ESTACION_AUTOMATICA.PNG;AUTOMATICA;NUEVA ESTACION! - JULIO 2015;41;ESTACION AUTOMATICA: DISPONIBILIDAD LAS 24 HORAS;URQUIZA, GRAL. Y RONDEAU
-58.3987170852058;-34.5971266094165;FACULTAD DE MEDICINA;URIBURU Y MARCELO T. DE ALVEAR;ESTACION_AUTOMATICA.PNG;AUTOMATICA;NUEVA ESTACION! - JUNIO 2015;33;ESTACION AUTOMATICA: DISPONIBILIDAD LAS 24 HORAS;URIBURU JOSE E. Y ALVEAR MARCELO T DE
-58.3741572861577;-34.5995794260034;GALERIAS PACIFICO;SAN MARTIN 710, ENTRE VIAMONTE Y CORDOBA;ESTACION_AUTOMATICA.PNG;AUTOMATICA;NUEVA ESTACION! - JUNIO 2015;34;ESTACION AUTOMATICA: DISPONIBILIDAD LAS 24 HORAS;710 SAN MARTIN
-58.373371100742;-34.6043980605276;SARMIENTO;SARMIENTO 481, ENTRE RECONQUISTA Y SAN MARTIN;ESTACION_AUTOMATICA.PNG;AUTOMATICA;NUEVA ESTACION! - JUNIO 2015;40;ESTACION AUTOMATICA: DISPONIBILIDAD LAS 24 HORAS;481 SARMIENTO
-58.4145948777535;-34.5754853233668;ZOOLOGICO;AV DEL LIBERTADOR Y AV SARMIENTO;ESTACION_AUTOMATICA.PNG;AUTOMATICA;NUEVA ESTACION! - JUNIO 2015;44;ESTACION AUTOMATICA: DISPONIBILIDAD LAS 24 HORAS;AV DEL LIBERTADOR Y AV SARMIENTO
-58.3824487653053;-34.6015861695762;TUCUMAN;TUCUMAN Y CERRITO;ESTACION_AUTOMATICA.PNG;AUTOMATICA;jul-15;51;ESTACION AUTOMATICA: DISPONIBILIDAD LAS 24 HORAS;TUCUMAN Y CERRITO
-58.3743888245427;-34.6163784807971;CHILE;PERU 726;ESTACION_AUTOMATICA.PNG;AUTOMATICA;NUEVA ESTACION! - JULIO 2015;46;ESTACION AUTOMATICA: DISPONIBILIDAD LAS 24 HORAS;726 PERU
-58.3769007239132;-34.598515523188;CORDOBA;MAIPU 820;ESTACION_AUTOMATICA.PNG;AUTOMATICA;NUEVA ESTACION! - JULIO 2015;62;ESTACION AUTOMATICA: DISPONIBILIDAD LAS 24 HORAS;820 MAIPU
-58.3742822955873;-34.5958814445217;RICARDO ROJAS;SAN MARTIN 1031;ESTACION_AUTOMATICA.PNG;AUTOMATICA;NUEVA ESTACION! - JULIO 2015;53;ESTACION AUTOMATICA: DISPONIBILIDAD LAS 24 HORAS;1031 SAN MARTIN
-58.3796518439418;-34.60464173704;DIAGONAL NORTE;ROQUE SAENZ PEÑA Y SUIPACHA;ESTACION_AUTOMATICA.PNG;AUTOMATICA;NUEVA ESTACION! - AGOSTO 2015;42;ESTACION AUTOMATICA: DISPONIBILIDAD LAS 24 HORAS;SAENZ PEÑA ROQUE AV Y SUIPACHA
-58.3711554748628;-34.6016384998143;25 DE MAYO;25 DE MAYO Y LAVALLE;ESTACION_AUTOMATICA.PNG;AUTOMATICA;NUEVA ESTACION! - AGOSTO 2015;60;ESTACION AUTOMATICA: DISPONIBILIDAD LAS 24 HORAS;25 DE MAYO Y LAVALLE
-58.3853975745649;-34.6066473499434;RIVAROLA;DR. RODOLFO RIVAROLA 175 ENTRE TTE. GRAL. JUAN DOMINGO PERON Y BARTOLOME MITRE;ESTACION_AUTOMATICA.PNG;AUTOMATICA;NUEVA ESTACION! - SEPTIEMBRE 2015;68;ESTACION AUTOMATICA: DISPONIBILIDAD LAS 24 HORAS;175 RIVAROLA RODOLFO DR
-58.3705766233938;-34.6133846464968;BELGRANO;BALCARCE 482 ENTRE BELGRANO Y VENEZUELA;ESTACION_AUTOMATICA.PNG;AUTOMATICA;NUEVA ESTACION! - SEPTIEMBRE 2015;57;ESTACION AUTOMATICA: DISPONIBILIDAD LAS 24 HORAS;482 BALCARCE
-58.4146677521709;-34.6070890121579;SANCHEZ DE BUSTAMANTE;SANCHEZ DE BUSTAMANTE Y PERON JUAN;ESTACION_AUTOMATICA.PNG;AUTOMATICA;NUEVA ESTACION! - SEPTIEMBRE 2015;52;ESTACION AUTOMATICA: DISPONIBILIDAD LAS 24 HORAS;SANCHEZ DE BUSTAMANTE Y PERON JUAN D
-58.4262666390011;-34.607429501613;HOSPITAL ITALIANO;RAWSON ENTRE POTOSI Y DIAZ VELEZ;ESTACION_AUTOMATICA.PNG;AUTOMATICA;NUEVA ESTACION! - FEBRERO 2016;82;ESTACION AUTOMATICA: DISPONIBILIDAD LAS 24 HORAS;RAWSON Y DIAZ VELEZ AV
-58.411495316774;-34.5902244780447;CORONEL DIAZ;GÜEMES 3328 Y CORONEL DIAZ;ESTACION_AUTOMATICA.PNG;AUTOMATICA;NUEVA ESTACION! - FEBRERO 2016;59;ESTACION AUTOMATICA: DISPONIBILIDAD LAS 24 HORAS;3328 GUEMES
-58.4159396842283;-34.5872157390033;JULIAN ALVAREZ;GÜEMES 3822 ENTRE JULIAN ALVAREZ Y ARAOZ;ESTACION_AUTOMATICA.PNG;AUTOMATICA;NUEVA ESTACION! - FEBRERO 2016;65;ESTACION AUTOMATICA: DISPONIBILIDAD LAS 24 HORAS;3822 GUEMES
-58.3715948631615;-34.6054911775454;PERON;PERON JUAN ENTRE 25 DE MAYO Y RECONQUISTA;ESTACION_AUTOMATICA.PNG;AUTOMATICA;NUEVA ESTACION! - AGOSTO 2015;48;ESTACION AUTOMATICA: DISPONIBILIDAD LAS 24 HORAS;PERON JUAN D Y RECONQUISTA
-58.4346263169982;-34.575189674801;MINISTRO CARRANZA;SANTA FE 5327 ENTRE DORREGO Y AREVALO;ESTACION_AUTOMATICA.PNG;AUTOMATICA;NUEVA ESTACION! - OCTUBRE 2015;58;ESTACION AUTOMATICA: DISPONIBILIDAD LAS 24 HORAS;5327 SANTA FE AV
-58.425072429468;-34.5893711824472;PLAZA PALERMO VIEJO;COSTA RICA Y MALABIA;ESTACION_AUTOMATICA.PNG;AUTOMATICA;NUEVA ESTACION! - OCTUBRE 2015;56;ESTACION AUTOMATICA: DISPONIBILIDAD LAS 24 HORAS;COSTA RICA Y MALABIA
-58.3949273062838;-34.607572645092;AYACUCHO;AYACUCHO ENTRE PERON JUAN Y BARTOLOME MITRE;ESTACION_AUTOMATICA.PNG;AUTOMATICA;NUEVA ESTACION! - ENERO 2016;76;ESTACION AUTOMATICA: DISPONIBILIDAD LAS 24 HORAS;AYACUCHO Y PERON JUAN D
-58.3944396826117;-34.5941490349228;RIOBAMBA;RIOBAMBA Y JUNCAL;ESTACION_AUTOMATICA.PNG;AUTOMATICA;NUEVA ESTACION! - ENERO 2016;64;ESTACION AUTOMATICA: DISPONIBILIDAD LAS 24 HORAS;RIOBAMBA Y JUNCAL
-58.4397092182403;-34.6031623613886;PADILLA;PADILLA Y WARNES AV;ESTACION_AUTOMATICA.PNG;AUTOMATICA;NUEVA ESTACION! - ENERO 2016;31;ESTACION AUTOMATICA: DISPONIBILIDAD LAS 24 HORAS;PADILLA Y WARNES AV
-58.4494420637588;-34.5918191166975;GUZMAN;GUZMAN Y LEIVA;ESTACION_AUTOMATICA.PNG;AUTOMATICA;NUEVA ESTACION! - ENERO 2016;94;ESTACION AUTOMATICA: DISPONIBILIDAD LAS 24 HORAS;GUZMAN Y LEIVA
-58.3828429677206;-34.6029957670657;CERRITO;AV. ROQUE SAENZ PEÑA 1149 ENTRE LIBERTAD Y CERRITO;ESTACION_AUTOMATICA.PNG;AUTOMATICA;"NUEVA ESTACION! - FEBRERO 2016 (ANTES FIGURABA CON NOMBRE ""LIBERTAD"")";71;ESTACION AUTOMATICA: DISPONIBILIDAD LAS 24 HORAS;1149 SAENZ PEÑA ROQUE AV
-58.434242799114;-34.604571775755;INSTITUTO LELOIR;AV. PATRICIAS ARGENTINAS 401, ENTRE JUANA DE IBARBOUROU Y AV. MACHADO;ESTACION_AUTOMATICA.PNG;AUTOMATICA;NUEVA ESTACION! - FEBRERO 2016;74;ESTACION AUTOMATICA: DISPONIBILIDAD LAS 24 HORAS;401  PATRICIAS ARGENTINAS AV
-58.3735574617984;-34.6107824192457;COLEGIO NACIONAL BUENOS AIRES;BOLIVAR ENTRE ADOLFO ALSINA Y MORENO;ESTACION_AUTOMATICA.PNG;AUTOMATICA;NUEVA ESTACION! - FEBRERO 2016;47;ESTACION AUTOMATICA: DISPONIBILIDAD LAS 24 HORAS;251 BOLIVAR
-58.3708343749879;-34.6090860400313;MINISTERIO DE ECONOMIA;BALCARCE 101 ENTRE AV. HIPOLITO YRIGOYEN Y ALSINA;ESTACION_AUTOMATICA.PNG;AUTOMATICA;NUEVA ESTACION! - FEBRERO 2016;61;ESTACION AUTOMATICA: DISPONIBILIDAD LAS 24 HORAS;101 BALCARCE
-58.3781735400286;-34.6020919024436;ESMERALDA;ESMERALDA 510;ESTACION_AUTOMATICA.PNG;AUTOMATICA;NUEVA ESTACION! - FEBRERO 2016;95;ESTACION AUTOMATICA: DISPONIBILIDAD LAS 24 HORAS;510 ESMERALDA
-58.4043560649594;-34.5958623506374;ECUADOR;ECUADOR 1200 Y MANSILLA;ESTACION_AUTOMATICA.PNG;AUTOMATICA;NUEVA ESTACION! - FEBRERO 2016;69;ESTACION AUTOMATICA: DISPONIBILIDAD LAS 24 HORAS;ECUADOR Y MANSILLA LUCIO NORBERTO
-58.3745525014373;-34.613650393455;VENEZUELA;PERU 490 Y VENEZUELA;ESTACION_AUTOMATICA.PNG;AUTOMATICA;NUEVA ESTACION: 29/02/2016;72;ESTACION AUTOMATICA: DISPONIBILIDAD LAS 24 HORAS;490 PERU
-58.372723516254;-34.59946924973;RECONQUISTA;RECONQUISTA 716 Y AV CORDOBA;ESTACION_AUTOMATICA.PNG;AUTOMATICA;NUEVA ESTACION: 29/02/2016;63;ESTACION AUTOMATICA: DISPONIBILIDAD LAS 24 HORAS;716 RECONQUISTA
-58.4356154872673;-34.5962805421679;MALABIA;MALABIA 780 Y LOYOLA;ESTACION_AUTOMATICA.PNG;AUTOMATICA;jun-16;99;ESTACION AUTOMATICA: DISPONIBILIDAD LAS 24 HORAS;780 MALABIA
-58.4115848948388;-34.602891143934;CARLOS GARDEL;GUARDIA VIEJA 3302;ESTACION_AUTOMATICA.PNG;AUTOMATICA;jun-16;96;ESTACION AUTOMATICA: DISPONIBILIDAD LAS 24 HORAS;3302 GUARDIA VIEJA
-58.4282675930135;-34.6008183886904;YATAY;YATAY 925 ENTRE HUMAHUACA Y GUARDIA VIEJA;ESTACION_AUTOMATICA.PNG;AUTOMATICA;nov-16;121;ESTACION AUTOMATICA: DISPONIBILIDAD LAS 24 HORAS;925 YATAY
-58.3975470659679;-34.6174914920679;PASCO;PASCO 708 ENTRE CHILE Y AV INDEPENDENCIA;ESTACION_AUTOMATICA.PNG;AUTOMATICA;jul-16;91;ESTACION AUTOMATICA: DISPONIBILIDAD LAS 24 HORAS;708 PASCO
-58.3708787659055;-34.6158474133672;BALCARCE;BALCARCE 683 ENTRE CHILE Y DEFENSA;ESTACION_AUTOMATICA.PNG;AUTOMATICA;jun-16;81;ESTACION AUTOMATICA: DISPONIBILIDAD LAS 24 HORAS;683 BALCARCE
-58.3781217189669;-34.6117139986102;MORENO;MORENO 834 ENTRE TACUARI Y PIEDRAS;ESTACION_AUTOMATICA.PNG;AUTOMATICA;jul-16;98;ESTACION AUTOMATICA: DISPONIBILIDAD LAS 24 HORAS;834 MORENO
-58.3725350641629;-34.5947530965532;DELLA PAOLERA;CARLOS M. DELLA PAOLERA 297 ENTRE LEANDRO N ALEM Y EDUARDO MADERO;ESTACION_AUTOMATICA.PNG;AUTOMATICA;nov-16;114;ESTACION AUTOMATICA: DISPONIBILIDAD LAS 24 HORAS;297 DELLA PAOLERA CARLOS M
-58.3954716595379;-34.6022901190225;LAVALLE;AYACUCHO 595 ENTRE TUCUMAN Y LAVALLE;ESTACION_AUTOMATICA.PNG;AUTOMATICA;jun-16;84;ESTACION AUTOMATICA: DISPONIBILIDAD LAS 24 HORAS;595 AYACUCHO
-58.409034003474;-34.5946161105705;AGUERO;AGUERO Y MANSILLA;ESTACION_AUTOMATICA.PNG;AUTOMATICA;ene-16;85;ESTACION AUTOMATICA: DISPONIBILIDAD LAS 24 HORAS;AGUERO Y MANSILLA
-58.41385892691;-34.5946291440332;BILLINGHURST;DE LA CARCOVA 3508;ESTACION_AUTOMATICA.PNG;AUTOMATICA;jun-16;66;ESTACION AUTOMATICA: DISPONIBILIDAD LAS 24 HORAS;3508 DE LA CARCOVA
-58.4258164359583;-34.5926725119968;ARAOZ;ARAOZ 1413 ENTRE GORRITI Y HONDURAS;ESTACION_AUTOMATICA.PNG;AUTOMATICA;jun-16;70;ESTACION AUTOMATICA: DISPONIBILIDAD LAS 24 HORAS;1413 ARAOZ
-58.3696217086806;-34.5993374576641;BOUCHARD;VIAMONTE 101 Y BOUCHARD;ESTACION_AUTOMATICA.PNG;AUTOMATICA;jul-16;55;ESTACION AUTOMATICA: DISPONIBILIDAD LAS 24 HORAS;101 VIAMONTE
-58.3907862838861;-34.5878120499245;QUINTANA;MANUEL QUINTANA 600;ESTACION_AUTOMATICA.PNG;AUTOMATICA;nov-16;115;ESTACION AUTOMATICA: DISPONIBILIDAD LAS 24 HORAS;600 QUINTANA MANUEL
-58.4011477812048;-34.5836773298631;HOSPITAL RIVADAVIA;LUCENA PEREYRA 2516 ENTRE LAS HERAS Y PAGANO;ESTACION_AUTOMATICA.PNG;AUTOMATICA;ago-16;50;ESTACION AUTOMATICA: DISPONIBILIDAD LAS 24 HORAS;2516 PEREYRA LUCENA
-58.404230050846;-34.6128670912616;MISIONES;MISIONES ENTRE ADOLFO ALSINA Y MORENO;ESTACION_AUTOMATICA.PNG;AUTOMATICA;AGOSTO DE 2016;88;ESTACION AUTOMATICA: DISPONIBILIDAD LAS 24 HORAS;MISIONES Y ALSINA ADOLFO
-58.3803382442443;-34.5914156869824;SUIPACHA Y ARROYO;ARROYO Y SUIPACHA;ESTACION_AUTOMATICA.PNG;AUTOMATICA;"AGOSTO 2016 - EN JULIO DE 2017 CAMBIO SU NOMBRE Y UBICACION. ANTES ERA ""ARROYO""";78;ESTACION AUTOMATICA: DISPONIBILIDAD LAS 24 HORAS;ARROYO Y SUIPACHA
-58.4303198693955;-34.6241295471149;DOBLAS;DOBLAS 608 Y VALLE;ESTACION_AUTOMATICA.PNG;AUTOMATICA;ago-16;80;ESTACION AUTOMATICA: DISPONIBILIDAD LAS 24 HORAS;608 DOBLAS
-58.425477470589;-34.6385009158718;SENILLOSA;SENILLOSA 1905 Y ZAÑARTU;ESTACION_AUTOMATICA.PNG;AUTOMATICA;ago-16;67;ESTACION AUTOMATICA: DISPONIBILIDAD LAS 24 HORAS;1905 SENILLOSA
-58.4315358969846;-34.6198285372612;GUAYAQUIL;GUAYAQUIL 213 Y DOBLAS;ESTACION_AUTOMATICA.PNG;AUTOMATICA;NUEVA! SEPTIEMBRE 2016;87;ESTACION AUTOMATICA: DISPONIBILIDAD LAS 24 HORAS;213 GUAYAQUIL
-58.4274014111176;-34.6352502807008;AVELINO DIAZ;AVELINO DIAZ 499 Y DOBLAS;ESTACION_AUTOMATICA.PNG;AUTOMATICA;NUEVA! SEPTIEMBRE 2016;97;ESTACION AUTOMATICA: DISPONIBILIDAD LAS 24 HORAS;499 DIAZ AVELINO
-58.4224224038072;-34.6288173658193;TREINTA Y TRES ORIENTALES;CONSTITUCION 4101 Y TREINTA Y TRES ORIENTALES;ESTACION_AUTOMATICA.PNG;AUTOMATICA;NUEVA! SEPTIEMBRE 2016;49;ESTACION AUTOMATICA: DISPONIBILIDAD LAS 24 HORAS;4101  CONSTITUCION
-58.4017203693307;-34.6213560813577;SAAVEDRA;SAAVEDRA 1027 ENTRE CARLOS CALVO Y HUMBERTO 1º;ESTACION_AUTOMATICA.PNG;AUTOMATICA;sep-16;86;ESTACION AUTOMATICA: DISPONIBILIDAD LAS 24 HORAS;1027 SAAVDREA
-58.3933174506005;-34.5891497441135;CEMENTERIO DE LA RECOLETA;VICENTE LOPEZ 2050 ENTRE JUNIN Y URIBURU;ESTACION_AUTOMATICA.PNG;AUTOMATICA;INAUGURADA 3/10/2016;166;ESTACION AUTOMATICA: DISPONIBILIDAD LAS 24 HORAS;2050 LOPEZ VICENTE
-58.3639690795297;-34.6117206752694;AZUCENA VILLAFLOR;AZUCENA VILLAFLOR Y PIERINA DEALESSI;ESTACION_AUTOMATICA.PNG;AUTOMATICA;dic-16;79;ESTACION AUTOMATICA: DISPONIBILIDAD LAS 24 HORAS;VILLAFLOR AZUCENA Y DEALESSI PIERINA
-58.3630905091709;-34.6180820211727;VERA PEÑALOZA;ROSARIO VERA PEÑALOZA Y OLGA COSSETTINI;ESTACION_AUTOMATICA.PNG;AUTOMATICA;dic-16;150;ESTACION AUTOMATICA: DISPONIBILIDAD LAS 24 HORAS;ROSARIO VERA PEÑALOZA Y OLGA COSSETINI
-58.4028266768832;-34.6168125831672;MEXICO;SAAVEDRA Y MEXICO;ESTACION_AUTOMATICA.PNG;AUTOMATICA;dic-16;118;ESTACION AUTOMATICA: DISPONIBILIDAD LAS 24 HORAS;MEXICO Y SAAVEDRA
-58.3958974659054;-34.6151962004792;RINCON;VENEZUELA 2091 Y RINCON;ESTACION_AUTOMATICA.PNG;AUTOMATICA;dic-16;106;ESTACION AUTOMATICA: DISPONIBILIDAD LAS 24 HORAS;2091 REPUBLICA BOLIVARIANA DE VENEZUELA
-58.4050191499757;-34.6317246877284;SALCEDO;SALCEDO 2908 Y DEAN FUNES;ESTACION_AUTOMATICA.PNG;AUTOMATICA;dic-16;92;ESTACION AUTOMATICA: DISPONIBILIDAD LAS 24 HORAS;2908 SALCEDO
-58.3948309043474;-34.6112703094325;SARANDI;SARANDI ENTRE ADOLFO ALSINA E HIPOLITO YRIGOYEN;ESTACION_AUTOMATICA.PNG;AUTOMATICA;dic-16;77;ESTACION AUTOMATICA: DISPONIBILIDAD LAS 24 HORAS;SARANDI E YRIGOYEN HIPOLITO AV
-58.3989047029342;-34.6121235856114;PLAZA PRIMERO DE MAYO;PICHINCHA ENTRE ADOLFO ALSINA Y MORENO;ESTACION_AUTOMATICA.PNG;AUTOMATICA;dic-16;75;ESTACION AUTOMATICA: DISPONIBILIDAD LAS 24 HORAS;PICHINCHA Y ALSINA ADOLFO
-58.4091104754517;-34.6175490894938;HOSPITAL RAMOS MEJIA;AGRELO ENTRE  GRAL. URQUIZA, Y GRAL. LA RIOJA;ESTACION_AUTOMATICA.PNG;AUTOMATICA;dic-16;120;ESTACION AUTOMATICA: DISPONIBILIDAD LAS 24 HORAS;URQUIZA GRAL Y AGRELO
-58.360905798483;-34.6118079128888;AIME PAINE;AZUCENA VILLAFLOR 553 ENTRE CALABRIA Y AIME PAINE;ESTACION_AUTOMATICA.PNG;AUTOMATICA;dic-16;151;ESTACION AUTOMATICA: DISPONIBILIDAD LAS 24 HORAS;553 VILLAFLOR AZUCENA
-58.4429012738521;-34.5998125732878;ACEVEDO;ACEVEDO Y PADILLA;ESTACION_AUTOMATICA.PNG;AUTOMATICA;ene-17;136;ESTACION AUTOMATICA: DISPONIBILIDAD LAS 24 HORAS;ACEVEDO Y PADILLA
-58.4424227041164;-34.5890491463383;FITZ ROY;FITZ ROY 1092 Y LOYOLA;ESTACION_AUTOMATICA.PNG;AUTOMATICA;ene-17;101;ESTACION AUTOMATICA: DISPONIBILIDAD LAS 24 HORAS;1092 FITZ ROY
-58.3562574144993;-34.6287807815099;USINA DEL ARTE;CAFFARENA AGUSTIN Y DON PEDRO DE MENDOZA;ESTACION_AUTOMATICA.PNG;AUTOMATICA;ene-17;108;ESTACION AUTOMATICA: DISPONIBILIDAD LAS 24 HORAS;CAFFARENA AGUSTIN Y DON PEDRO DE MENDOZA
-58.4155158417582;-34.6118758790199;DON BOSCO;DON BOSCO Y VIRREY LINIERS;ESTACION_AUTOMATICA.PNG;AUTOMATICA;ene-17;134;ESTACION AUTOMATICA: DISPONIBILIDAD LAS 24 HORAS;DON BOSCO Y LINIERS VIRREY
-58.3591314290536;-34.6174858237339;JULIETA LANTERI;VERA PEÑALOSA ENTRE CALABRIA Y JULIETA LANTERI;ESTACION_AUTOMATICA.PNG;AUTOMATICA;ene-17;152;ESTACION AUTOMATICA: DISPONIBILIDAD LAS 24 HORAS;VERA PEÑALOZA ROSARIO Y LANTERI JULIETA
-58.4196778632351;-34.6020579240949;HUMAHUACA;HUMAHUACA 3918;ESTACION_AUTOMATICA.PNG;AUTOMATICA;ene-17;161;ESTACION AUTOMATICA: DISPONIBILIDAD LAS 24 HORAS;3918 HUMAHUACA
-58.3869126629142;-34.6016160280163;URUGUAY;TUCUMAN Y URUGUAY;ESTACION_AUTOMATICA.PNG;AUTOMATICA;feb-17;45;ESTACION AUTOMATICA: DISPONIBILIDAD LAS 24 HORAS;TUCUMAN Y URUGUAY
-58.3807663115229;-34.6123893028971;9 DE JULIO;9 DE JULIO Y MORENO;ESTACION_AUTOMATICA.PNG;AUTOMATICA;feb-17;112;ESTACION AUTOMATICA: DISPONIBILIDAD LAS 24 HORAS;9 DE JULIO AV Y MORENO
-58.3976842717633;-34.5883718391208;EMILIO MITRE;PLAZA EMILIO MITRE - LARREA Y PACHECO DE MELO;ESTACION_AUTOMATICA.PNG;AUTOMATICA;feb-17;119;ESTACION AUTOMATICA: DISPONIBILIDAD LAS 24 HORAS;LARREA Y PACHECO DE MELO JOSE
-58.3682319681783;-34.6041288551832;PLAZA HIPOLITO BOUCHARD;PLAZA HIPOLITO BOUCHARD - AV EDUARDO MADERO Y PERON JUAN;ESTACION_AUTOMATICA.PNG;AUTOMATICA;feb-17;128;ESTACION AUTOMATICA: DISPONIBILIDAD LAS 24 HORAS;MADERO EDUARDO AV Y PERON JUAN D
-58.3736760826555;-34.6031208697631;CORRIENTES;AV CORRIENTES Y SAN MARTIN;ESTACION_AUTOMATICA.PNG;AUTOMATICA;feb-17;132;ESTACION AUTOMATICA: DISPONIBILIDAD LAS 24 HORAS;CORRIENTES AV Y SAN MARTIN
-58.3797648546651;-34.5964557626181;MARCELO T. DE ALVEAR;MARCELO T DE ALVEAR Y SUIPACHA;ESTACION_AUTOMATICA.PNG;AUTOMATICA;feb-17;135;ESTACION AUTOMATICA: DISPONIBILIDAD LAS 24 HORAS;ALVEAR MARCELO T Y SUIPACHA
-58.3814348855933;-34.6153639565906;LIMA;LIMA Y MEXICO;ESTACION_AUTOMATICA.PNG;AUTOMATICA;feb-17;149;ESTACION AUTOMATICA: DISPONIBILIDAD LAS 24 HORAS;LIMA Y MEXICO
-58.4121047191476;-34.6002248637866;GALLO;GALLO Y TUCUMAN;ESTACION_AUTOMATICA.PNG;AUTOMATICA;feb-17;154;ESTACION AUTOMATICA: DISPONIBILIDAD LAS 24 HORAS;GALLO Y TUCUMAN
-58.3667552894084;-34.6180669522061;FACULTAD DE INGENIERIA;ESTADOS UNIDOS ENTRE AZOPARDO Y HUERGO AV;ESTACION_AUTOMATICA.PNG;AUTOMATICA;feb-17;164;ESTACION AUTOMATICA: DISPONIBILIDAD LAS 24 HORAS;ESTADOS UNIDOS Y AZOPARDO
-58.3781066372255;-34.6037187781396;ESMERALDA Y CORRIENTES;ESMERALDA Y AV CORRIENTES;ESTACION_AUTOMATICA.PNG;AUTOMATICA;feb-17;175;ESTACION AUTOMATICA: DISPONIBILIDAD LAS 24 HORAS;ESMERALDA Y CORRIENTES AV
-58.4009623109061;-34.6339776263697;15 DE NOVIEMBRE;15 DE NOVIEMBRE DE 1889 2687 ENTRE CATAMARCA Y JUJUY;ESTACION_AUTOMATICA.PNG;AUTOMATICA;mar-17;105;ESTACION AUTOMATICA: DISPONIBILIDAD LAS 24 HORAS;2687 15 DE NOVIEMBRE DE 1889
-58.4217046052783;-34.5982221815643;ACUÑA DE FIGUEROA;LAVALLE Y ACUÑA DE FIGUEROA;ESTACION_AUTOMATICA.PNG;AUTOMATICA;mar-17;54;ESTACION AUTOMATICA: DISPONIBILIDAD LAS 24 HORAS;LAVALLE Y ACUÑA DE FIGUEROA FRANCISCO
-58.4367711514498;-34.5927067189234;CASTILLO;CASTILLO 815 ENTRE THAMES Y SERRANO;ESTACION_AUTOMATICA.PNG;AUTOMATICA;mar-17;100;ESTACION AUTOMATICA: DISPONIBILIDAD LAS 24 HORAS;815 CASTILLO
-58.415459396243;-34.6017606028946;GUARDIA VIEJA;GUARDIA VIEJA 3606 ENTRE BILLINGHURST Y MARIO BRAVO;ESTACION_AUTOMATICA.PNG;AUTOMATICA;mar-17;110;ESTACION AUTOMATICA: DISPONIBILIDAD LAS 24 HORAS;3606 GUARDIA VIEJA
-58.4204074371223;-34.5916244590276;COSTA RICA;COSTA RICA 4090 Y ACUÑA DE FIGUEROA;ESTACION_AUTOMATICA.PNG;AUTOMATICA;mar-17;122;ESTACION AUTOMATICA: DISPONIBILIDAD LAS 24 HORAS;4090 COSTA RICA
-58.4295906822899;-34.5966937447772;LERMA;LERMA 185 Y JULIAN ALVAREZ;ESTACION_AUTOMATICA.PNG;AUTOMATICA;mar-17;109;ESTACION AUTOMATICA: DISPONIBILIDAD LAS 24 HORAS;185 LERMA
-58.399368569691;-34.5871172067942;GUTIERREZ;JUAN MARIA GUTIERREZ ENTRE AGUERO Y LAPRIDA;ESTACION_AUTOMATICA.PNG;AUTOMATICA;mar-17;90;ESTACION AUTOMATICA: DISPONIBILIDAD LAS 24 HORAS;GUTIERREZ JUAN MARIA Y AGUERO
-58.4057904124662;-34.6017797128186;PUEYRREDON;BOULOGNE SUR MER Y TUCUMAN;ESTACION_AUTOMATICA.PNG;AUTOMATICA;mar-17;144;ESTACION AUTOMATICA: DISPONIBILIDAD LAS 24 HORAS;BOULOGNE SUR MER Y TUCUMAN
-58.4252046576498;-34.5856694443182;GUATEMALA;GUATEMALA 4799 ENTRE J.L. BORGES Y GURRUCHAGA;ESTACION_AUTOMATICA.PNG;AUTOMATICA;mar-17;113;ESTACION AUTOMATICA: DISPONIBILIDAD LAS 24 HORAS;4799 GUATEMALA
-58.4349548747257;-34.6001646648611;VELASCO;VELASCO 285 ENTRE JULIAN ALVAREZ Y LAVALLEJA;ESTACION_AUTOMATICA.PNG;AUTOMATICA;mar-17;129;ESTACION AUTOMATICA: DISPONIBILIDAD LAS 24 HORAS;285 VELASCO RAMIREZ DE JUAN
-58.4287810605936;-34.61506434662;HIPOLITO YRIGOYEN;HIPOLITO YRIGOYEN ENTRE MUÑIZ Y LA PLATA;ESTACION_AUTOMATICA.PNG;AUTOMATICA;mar-17;167;ESTACION AUTOMATICA: DISPONIBILIDAD LAS 24 HORAS;YRIGOYEN HIPOLITO AV Y LA PLATA AV
-58.4210441536038;-34.5854242215495;ARMENIA;ARMENIA 2393 Y CHARCAS;ESTACION_AUTOMATICA.PNG;AUTOMATICA;mar-17;123;ESTACION AUTOMATICA: DISPONIBILIDAD LAS 24 HORAS;2393 ARMENIA
-58.4123135602984;-34.5810816066871;UGARTECHE;UGARTECHE ENTRE CABELLO Y LAS HERAS;ESTACION_AUTOMATICA.PNG;AUTOMATICA;mar-17;124;ESTACION AUTOMATICA: DISPONIBILIDAD LAS 24 HORAS;UGARTECHE Y CABELLO
-58.4131504686915;-34.6333089848092;VIRREY LINIERS;SALCEDO 3401 Y VIRREY LINIERS;ESTACION_AUTOMATICA.PNG;AUTOMATICA;mar-17;139;ESTACION AUTOMATICA: DISPONIBILIDAD LAS 24 HORAS;3401 SALCEDO
-58.4157750441458;-34.635148035031;LAS CASAS;LAS CASAS 3587 ENTRE AV. BOEDO Y ALZAGA;ESTACION_AUTOMATICA.PNG;AUTOMATICA;mar-17;140;ESTACION AUTOMATICA: DISPONIBILIDAD LAS 24 HORAS;3587 LAS CASAS
-58.3609331461699;-34.6340720907317;PINZON;PINZON 469 Y MARTIN RODRIGUEZ;ESTACION_AUTOMATICA.PNG;AUTOMATICA;mar-17;176;ESTACION AUTOMATICA: DISPONIBILIDAD LAS 24 HORAS;469 PINZON
-58.4053126989307;-34.5824723755753;CABELLO;CABELLO ENTRE CNEL DIAZ Y ORTIZ DE OCAMPO;ESTACION_AUTOMATICA.PNG;AUTOMATICA;mar-17;89;ESTACION AUTOMATICA: DISPONIBILIDAD LAS 24 HORAS;CABELLO Y DIAZ CNEL AV
-58.3694305464774;-34.6399712146163;MINISTERIO DE JUSTICIA Y SEGURIDAD;REGIMIENTO DE PATRICIOS Y ARAOZ DE LAMADRID;ESTACION_AUTOMATICA.PNG;AUTOMATICA;abr-17;126;ESTACION AUTOMATICA: DISPONIBILIDAD LAS 24 HORAS;REGIMIENTO DE PATRICIOS AV Y ARAOZ DE LAMADRID GREGORIO
-58.4550621945096;-34.5875483636412;FEDERICO LACROZE;AV CORRIENTES 6800 Y FEDERICO LACROZE;ESTACION_AUTOMATICA.PNG;AUTOMATICA;abr-17;104;ESTACION AUTOMATICA: DISPONIBILIDAD LAS 24 HORAS;6900 CORRIENTES AV
-58.3717059086228;-34.6308122093612;RUY DIAZ DE GUZMAN;RUY DIAZ DE GUZMAN Y AV. MARTIN GARCIA;ESTACION_AUTOMATICA.PNG;AUTOMATICA;abr-17;73;ESTACION AUTOMATICA: DISPONIBILIDAD LAS 24 HORAS;RUY DIAZ DE GUZMAN Y GARCIA MARTIN AV
-58.3809122746962;-34.608231785988;RIVADAVIA Y 9 DE JULIO;RIVADAVIA Y CARLOS PELLEGRINI;ESTACION_AUTOMATICA.PNG;AUTOMATICA;abr-17;191;ESTACION AUTOMATICA: DISPONIBILIDAD LAS 24 HORAS;RIVADAVIA AV Y PELLEGRINI CARLOS
-58.3747525088729;-34.6220599419731;PLAZA CECILIA GRIERSON;AV SAN JUAN 632;ESTACION_AUTOMATICA.PNG;AUTOMATICA;abr-17;173;ESTACION AUTOMATICA: DISPONIBILIDAD LAS 24 HORAS;632 SAN JUAN AV
-58.4378366120078;-34.5804694653892;RAVIGNANI;RAVIGNANI 1883 Y COSTA RICA;ESTACION_AUTOMATICA.PNG;AUTOMATICA;abr-17;145;ESTACION AUTOMATICA: DISPONIBILIDAD LAS 24 HORAS;1883 RAVIGNANI EMILIO DR
-58.4119136707836;-34.5926966138816;BILLINGHURST Y MANSILLA;BILLINGHURST 1533 Y MANSILLA;ESTACION_AUTOMATICA.PNG;AUTOMATICA;abr-17;181;ESTACION AUTOMATICA: DISPONIBILIDAD LAS 24 HORAS;1853 BILLINGHURST
-58.4450986553597;-34.5928392137991;VILLARROEL;VILLARROEL Y HUMBOLDT;ESTACION_AUTOMATICA.PNG;AUTOMATICA;abr-17;158;ESTACION AUTOMATICA: DISPONIBILIDAD LAS 24 HORAS;VILLARROEL Y HUMBOLDT
-58.3620833603248;-34.6306928058918;JUAN MANUEL BLANES;JUAN MANUEL BLANES 383;ESTACION_AUTOMATICA.PNG;AUTOMATICA;abr-17;153;ESTACION AUTOMATICA: DISPONIBILIDAD LAS 24 HORAS;383 BLANES JUAN MANUEL
-58.3884150937001;-34.6030044362865;PARANA;LAVALLE ENTTRE MONTEVIDEO Y PARANA;ESTACION_AUTOMATICA.PNG;AUTOMATICA;abr-17;83;ESTACION AUTOMATICA: DISPONIBILIDAD LAS 24 HORAS;LAVALLE Y PARANA
-58.3709849319133;-34.6256071806032;BRASIL;BRASIL Y DEFENSA;ESTACION_AUTOMATICA.PNG;AUTOMATICA;abr-17;172;ESTACION AUTOMATICA: DISPONIBILIDAD LAS 24 HORAS;BRASIL AV Y DEFENSA
-58.4077875519753;-34.6221944542981;HOSPITAL FRANCES;HOSPITAL FRANCES: CARLOS CALVO Y LA RIOJA;ESTACION_AUTOMATICA.PNG;AUTOMATICA;abr-17;146;ESTACION AUTOMATICA: DISPONIBILIDAD LAS 24 HORAS;CALVO CARLOS Y LA RIOJA
-58.3947694934007;-34.6206013403211;CARLOS CALVO;CARLOS CALVO Y SARANDI;ESTACION_AUTOMATICA.PNG;AUTOMATICA;abr-17;93;ESTACION AUTOMATICA: DISPONIBILIDAD LAS 24 HORAS;CALVO CARLOS Y SARANDI
-58.3629996585557;-34.6049691631744;MACACHA GUEMES;MACACHA GUEMES Y JUANA MANSO;ESTACION_AUTOMATICA.PNG;AUTOMATICA;abr-17;111;ESTACION AUTOMATICA: DISPONIBILIDAD LAS 24 HORAS;GUEMES MACACHA Y MANSO JUANA
-58.4035331506686;-34.5774146206859;MALBA;AV FIGUEROA ALCORTA Y SAN MARTIN DE TOURS;ESTACION_AUTOMATICA.PNG;AUTOMATICA;abr-17;103;ESTACION AUTOMATICA: DISPONIBILIDAD LAS 24 HORAS;FIGUEROA ALCORTA, PRES. AV. Y SAN MARTIN DE TOURS
-58.4202102546928;-34.5729623675618;GODOY CRUZ Y LIBERTADOR;GODOY CRUZ 3291 ENTRE AV DEL LIBERTADOR Y SEGUI;ESTACION_AUTOMATICA.PNG;AUTOMATICA;abr-17;160;ESTACION AUTOMATICA: DISPONIBILIDAD LAS 24 HORAS;3291 GODOY CRUZ
-58.4352336081538;-34.5781909512788;RAVIGNANI Y GUATEMALA;RAVIGNANI 2171 Y GUATEMALA;ESTACION_AUTOMATICA.PNG;AUTOMATICA;may-17;182;ESTACION AUTOMATICA: DISPONIBILIDAD LAS 24 HORAS;2171 RAVIGNANI
-58.3877666654484;-34.6349489594118;HOSPITAL BRITANICO;PERDRIEL Y FINOCHIETTO ENRIQUE;ESTACION_AUTOMATICA.PNG;AUTOMATICA;may-17;138;ESTACION AUTOMATICA: DISPONIBILIDAD LAS 24 HORAS;PERDRIEL Y FINOCHIETTO ENRIQUE DR.
-58.3742850966173;-34.5919408626661;RETIRO II;PLAZA FUERZA AEREA: AV. DR. J. RAMOS MEJIA Y AV DEL LIBERTADOR;ESTACION_AUTOMATICA.PNG;AUTOMATICA;may-17;130;ESTACION AUTOMATICA: DISPONIBILIDAD LAS 24 HORAS;DEL LIBERTADOR AV Y RAMOS MEJIA DR AV
-58.3742100283191;-34.5918464928405;RETIRO III;PLAZA FUERZA AEREA: AV. DR. J. RAMOS MEJIA Y AV DEL LIBERTADOR;ESTACION_AUTOMATICA.PNG;AUTOMATICA;may-17;131;ESTACION AUTOMATICA: DISPONIBILIDAD LAS 24 HORAS;DEL LIBERTADOR AV Y RAMOS MEJIA DR AV
-58.3959443595269;-34.630437687185;HOSPITAL GARRAHAN;HOSPITAL GARRAHAN: AV BRASIL Y PICHINCHA;ESTACION_AUTOMATICA.PNG;AUTOMATICA;may-17;107;ESTACION AUTOMATICA: DISPONIBILIDAD LAS 24 HORAS;BRASIL AV Y PICHINCHA AV
-58.4343825082215;-34.581039917576;NICARAGUA;NICARAGUA 5690 ENTRE BONPLAND Y FITZ ROY;ESTACION_AUTOMATICA.PNG;AUTOMATICA;may-17;133;ESTACION AUTOMATICA: DISPONIBILIDAD LAS 24 HORAS;5690 NICARAGUA
-58.4157587038097;-34.6046352325181;BILLINGHURST Y VALENTIN GOMEZ;BILLINGHURST 455 Y VALENTIN GOMEZ;ESTACION_AUTOMATICA.PNG;AUTOMATICA;may-17;143;ESTACION AUTOMATICA: DISPONIBILIDAD LAS 24 HORAS;455 BILLINGHURST
-58.3674700069781;-34.6159263966689;AZOPARDO Y CHILE;AZOPARDO 700 Y CHILE;ESTACION_AUTOMATICA.PNG;AUTOMATICA;may-17;137;ESTACION AUTOMATICA: DISPONIBILIDAD LAS 24 HORAS;AZOPARDO Y CHILE
-58.4282171673392;-34.5834801072487;ORO;FRAY JUSTO SANTAMARIA DE ORO Y GUATEMALA;ESTACION_AUTOMATICA.PNG;AUTOMATICA;may-17;125;ESTACION AUTOMATICA: DISPONIBILIDAD LAS 24 HORAS;FRAY JUSTO SANTAMARIA DE ORO Y GUATEMALA
-58.3742180079119;-34.6199404395595;HUMBERTO PRIMO;PERU 1016 ENTRE HUMBERTO PRIMO Y CARLOS CALVO;ESTACION_AUTOMATICA.PNG;AUTOMATICA;may-17;117;ESTACION AUTOMATICA: DISPONIBILIDAD LAS 24 HORAS;1016 PERU
-58.4025983842195;-34.5921042409009;HOSPITAL ALEMAN;BERUTI Y ECUADOR;ESTACION_AUTOMATICA.PNG;AUTOMATICA;may-17;116;ESTACION AUTOMATICA: DISPONIBILIDAD LAS 24 HORAS;BERUTI Y ECUADOR
-58.3904105537014;-34.6118379526452;SOLIS Y ALSINA;SOLIS 225 Y ADOLFO ALSINA;ESTACION_AUTOMATICA.PNG;AUTOMATICA;may-17;141;ESTACION AUTOMATICA: DISPONIBILIDAD LAS 24 HORAS;225 SOLIS
-58.4529268261496;-34.5922124775116;SANTOS DUMONT Y OTERO;SANTOS DUMONT 4380 Y OTERO;ESTACION_AUTOMATICA.PNG;AUTOMATICA;may-17;127;ESTACION AUTOMATICA: DISPONIBILIDAD LAS 24 HORAS;4380 DUMONT SANTOS
-58.4288881956896;-34.590554215666;ARMENIA Y GORRITI;ARMENIA 1525 ENTRE GORRITI Y HONDURAS;ESTACION_AUTOMATICA.PNG;AUTOMATICA;may-17;142;ESTACION AUTOMATICA: DISPONIBILIDAD LAS 24 HORAS;1525 ARMENIA
-58.3791048612802;-34.6274554061156;CONSTITUCION I;AV BRASIL 1050 Y LIMA;ESTACION_AUTOMATICA.PNG;AUTOMATICA;may-17;147;ESTACION AUTOMATICA: DISPONIBILIDAD LAS 24 HORAS;1050 BRASIL AV
-58.3792318852578;-34.6274940764583;CONSTITUCION II;AV BRASIL 1060 Y LIMA;ESTACION_AUTOMATICA.PNG;AUTOMATICA;may-17;148;ESTACION AUTOMATICA: DISPONIBILIDAD LAS 24 HORAS;1060 BRASIL AV
-58.4125592981411;-34.6417279105113;PARQUE JOSE EVARISTO URIBURU;PQUE. JOSE E. URIBURU - ALMAFUERTE 300;ESTACION_AUTOMATICA.PNG;AUTOMATICA;jun-17;155;ESTACION AUTOMATICA: DISPONIBILIDAD LAS 24 HORAS;300 ALMAFUERTE AV.
-58.4066167991811;-34.6093554863347;ONCE II;BARTOLOME MITRE Y AV PUEYRREDON;ESTACION_AUTOMATICA.PNG;AUTOMATICA;jun-17;163;ESTACION AUTOMATICA: DISPONIBILIDAD LAS 24 HORAS;MITRE BARTOLOME Y PUEYRREDON AV
-58.4279521831874;-34.6283092127138;SENILLOSA Y ZUVIRIA;SENILLOSA 989 Y ZUVIRIA;ESTACION_AUTOMATICA.PNG;AUTOMATICA;jun-17;157;ESTACION AUTOMATICA: DISPONIBILIDAD LAS 24 HORAS;989 SENILLOSA
-58.4373968334021;-34.5850363937355;GORRITI;FITZ ROY 1590 Y GORRITI;ESTACION_AUTOMATICA.PNG;AUTOMATICA;jun-17;159;ESTACION AUTOMATICA: DISPONIBILIDAD LAS 24 HORAS;1590 FITZ ROY
-58.4019451698558;-34.6092390967784;LARREA Y BARTOLOME MITRE;LARREA ENTRE BARTOLOME MITRE Y AV RIVADAVIA;ESTACION_AUTOMATICA.PNG;AUTOMATICA;jun-17;162;ESTACION AUTOMATICA: DISPONIBILIDAD LAS 24 HORAS;LARREA Y MITRE BARTOLOME
-58.4059662231588;-34.5997327041382;SAN LUIS Y ECUADOR;SAN LUIS 2862 ENTRE ECUADOR Y BOULOGNE SUR MER;ESTACION_AUTOMATICA.PNG;AUTOMATICA;jun-17;170;ESTACION AUTOMATICA: DISPONIBILIDAD LAS 24 HORAS;2862 SAN LUIS
-58.40785166336;-34.5977635770633;PLAZA MONSEÑOR MIGUEL DE ANDREA;PLAZA MONSEÑOR MIGUEL DE ANDREA (ANCHORENA 900);ESTACION_AUTOMATICA.PNG;AUTOMATICA;jun-17;165;ESTACION AUTOMATICA: DISPONIBILIDAD LAS 24 HORAS;901 ANCHORENA TOMAS MANUEL
-58.3812826082139;-34.6186199568167;ESTADOS UNIDOS;ESTADOS UNIDOS Y LIMA;ESTACION_AUTOMATICA.PNG;AUTOMATICA;jun-17;168;ESTACION AUTOMATICA: DISPONIBILIDAD LAS 24 HORAS;ESTADOS UNIDOS Y LIMA
-58.3995268655325;-34.6032429525726;PASTEUR;PASTEUR 501 ENTRE TUCUMAN Y LAVALLE;ESTACION_AUTOMATICA.PNG;AUTOMATICA;jun-17;171;ESTACION AUTOMATICA: DISPONIBILIDAD LAS 24 HORAS;501 PASTEUR
-58.407965559468;-34.5778491087657;PLAZA ALEMANIA;PLAZA ALEMANIA: DEL LIBERTADOR AV Y CAVIA;ESTACION_AUTOMATICA.PNG;AUTOMATICA;jun-17;156;ESTACION AUTOMATICA: DISPONIBILIDAD LAS 24 HORAS;DEL LIBERTADOR AV Y CAVIA
-58.4119247639604;-34.6120200280467;FACULTAD DE PSICOLOGIA;HIPOLITO YRIGOYEN Y 24 DE NOVIEMBRE;ESTACION_AUTOMATICA.PNG;AUTOMATICA;jul-17;169;ESTACION AUTOMATICA: DISPONIBILIDAD LAS 24 HORAS;YRIGOYEN HIPOLITO Y 24 DE NOVIEMBRE
-58.3915487750987;-34.5972614724898;MINISTERIO DE EDUCACION;MARCELO T DE ALVEAR 1698 Y RODRIGUEZ PEÑA;ESTACION_AUTOMATICA.PNG;AUTOMATICA;jul-17;174;ESTACION AUTOMATICA: DISPONIBILIDAD LAS 24 HORAS;1698 ALVEAR MARCELO T DE
-58.4112913483035;-34.5707414031424;PLANETARIO;AV. ROLDAN, BELISARIO Y AV. SARMIENTO;ESTACION_AUTOMATICA.PNG;AUTOMATICA;jul-17;177;ESTACION AUTOMATICA: DISPONIBILIDAD LAS 24 HORAS;ROLDAN BELISARIO AV Y SARMIENTO AV
-58.4248666038094;-34.6234574061893;JOSE MARMOL;JOSE MARMOL 803 Y ESTADOS UNIDOS;ESTACION_AUTOMATICA.PNG;AUTOMATICA;jul-17;178;ESTACION AUTOMATICA: DISPONIBILIDAD LAS 24 HORAS;803 MARMOL JOSE
-58.4204709626304;-34.619802649015;CASTRO Y MEXICO;CASTRO 680 ENTRE MEXICO Y AGRELO;ESTACION_AUTOMATICA.PNG;AUTOMATICA;jul-17;180;ESTACION AUTOMATICA: DISPONIBILIDAD LAS 24 HORAS;680 CASTRO
-58.3896919074047;-34.6156376341942;VIRREY CEVALLOS;MEXICO 1652 ENTRE VIRREY CEVALLOS Y SOLIS;ESTACION_AUTOMATICA.PNG;AUTOMATICA;jul-17;183;ESTACION AUTOMATICA: DISPONIBILIDAD LAS 24 HORAS;1652 MEXICO
-58.4217825750943;-34.6313699718195;AV PAVON Y 33 ORIENTALES;33 ORIENTALES 1439, ENTRE AV. PAVON Y AV. GARAY;ESTACION_AUTOMATICA.PNG;AUTOMATICA;jul-17;185;ESTACION AUTOMATICA: DISPONIBILIDAD LAS 24 HORAS;1439 TREINTA Y TRES ORIENTALES
-58.4071425298455;-34.6125512856829;CATAMARCA;ADOLFO ALSINA 2910 Y CATAMARCA;ESTACION_AUTOMATICA.PNG;AUTOMATICA;jul-17;186;ESTACION AUTOMATICA: DISPONIBILIDAD LAS 24 HORAS;2910 ALSINA ADOLFO
-58.3856151032862;-34.5977988046358;TALCAHUANO;TALCAHUANO 1034 Y MARCELO T DE ALVEAR;ESTACION_AUTOMATICA.PNG;AUTOMATICA;jul-17;192;ESTACION AUTOMATICA: DISPONIBILIDAD LAS 24 HORAS;1034 TALCAHUANO
-58.4059738535121;-34.5911108808447;ARENALES Y AGUERO;ARENALES 2882 Y AGUERO;ESTACION_AUTOMATICA.PNG;AUTOMATICA;jul-17;193;ESTACION AUTOMATICA: DISPONIBILIDAD LAS 24 HORAS;2882 ARENALES
-58.4225720421175;-34.6059524833134;PERON Y FRANCISCO ACUÑA DE FIGUEROA;PERON, JUAN DOMINGO TTE 3989 ENTRE FRANCISCO ACUÑA DE FIGUEROA Y MEDRANO;ESTACION_AUTOMATICA.PNG;AUTOMATICA;jul-17;194;ESTACION AUTOMATICA: DISPONIBILIDAD LAS 24 HORAS;3989 PERON JUAN DOMINGO TTE
-58.433506016027;-34.6107962769337;ARANGUREN;ARANGUREN 188 ENTRE PORTUGAL Y EDUARDO ACEVEDO;ESTACION_AUTOMATICA.PNG;AUTOMATICA;ago-17;188;ESTACION AUTOMATICA: DISPONIBILIDAD LAS 24 HORAS;188 ARANGUREN JUAN F DR
-58.3913186324946;-34.630678908608;PEDRO ECHAGUE;PEDRO ECHAGUE 1878 ENTRE COMBATE DE LOS POZOS Y AV ENTRE RIOS;ESTACION_AUTOMATICA.PNG;AUTOMATICA;ago-17;184;ESTACION AUTOMATICA: DISPONIBILIDAD LAS 24 HORAS;1878 ECHAGUE PEDRO
-58.3855860204811;-34.5884746946407;POSADAS;POSADAS 1350 ENTRE MONTEVIDEO Y RODRIGUEZ PEÑA;ESTACION_AUTOMATICA.PNG;AUTOMATICA;ago-17;189;ESTACION AUTOMATICA: DISPONIBILIDAD LAS 24 HORAS;1350 POSADAS
-58.4317911826183;-34.6176667539462;PARQUE RIVADAVIA;CHACO 250;ESTACION_AUTOMATICA.PNG;AUTOMATICA;ago-17;187;ESTACION AUTOMATICA: DISPONIBILIDAD LAS 24 HORAS;250 CHACO
-58.3874538315136;-34.6270491370727;PLAZA GARAY;AV JUAN DE GARAY Y LUIS SAENZ PEÑA;ESTACION_AUTOMATICA.PNG;AUTOMATICA;ago-17;195;ESTACION AUTOMATICA: DISPONIBILIDAD LAS 24 HORAS;GARAY JUAN DE AV Y SAENZ PEÑA LUIS PRES
-58.4112274223395;-34.5850777556995;JUNCAL;JUNCAL 3320 Y JERONIMO SALGUERO;ESTACION_AUTOMATICA.PNG;AUTOMATICA;ago-17;190;ESTACION AUTOMATICA: DISPONIBILIDAD LAS 24 HORAS;3320 JUNCAL
-58.4234808584974;-34.6135962625509;QUINTINO BOCAYUVA;QUINTINO BOCAYUVA Y DON BOSCO;ESTACION_AUTOMATICA.PNG;AUTOMATICA;ago-17;197;ESTACION AUTOMATICA: DISPONIBILIDAD LAS 24 HORAS;BOCAYUVA QUINTINO Y DON BOSCO
-58.4158815548429;-34.6224389438033;ESTADOS UNIDOS Y BOEDO;ESTADOS UNIDOS 3568 ENTRE BOEDO Y MAZA;ESTACION_AUTOMATICA.PNG;AUTOMATICA;ago-17;199;ESTACION AUTOMATICA: DISPONIBILIDAD LAS 24 HORAS;3568 ESTADOS UNIDOS
-58.4041380643401;-34.6343800087707;HOSPITAL SARDA;CATULO CASTILLO 2896 Y DEAN FUNES;ESTACION_AUTOMATICA.PNG;AUTOMATICA;ago-17;198;ESTACION AUTOMATICA: DISPONIBILIDAD LAS 24 HORAS;2896 CASTILLO CATULO
-58.3660190488238;-34.6277763431537;HOSPITAL ARGERICH;PI Y MARGALL 750 ENTRE NECOCHEA Y ALTE. BROWN;ESTACION_AUTOMATICA.PNG;AUTOMATICA;ago-17;196;ESTACION AUTOMATICA: DISPONIBILIDAD LAS 24 HORAS;750 PI Y MARGALL
